blank,pnum,age,gender,fam_income,study,trial,food_gen,bites,grams
x,18,6.03,M,,1_healthy_unh,1,healthier,10,24.9
x,30,6.31,F,,1_healthy_unh,1,healthier,0,0.2
x,36,5.09,F,,1_healthy_unh,1,healthier,3,0.7
x,38,5.59,F,,1_healthy_unh,1,healthier,1,0.3
x,39,5.6,F,,1_healthy_unh,1,healthier,1,0.7
x,42,5.42,M,,1_healthy_unh,1,healthier,5,8.9
x,45,5.05,M,,1_healthy_unh,1,healthier,1,3
x,55,6.64,F,,1_healthy_unh,1,healthier,2,11.8
x,81,6.12,M,,1_healthy_unh,1,healthier,0,0
x,83,6.07,F,,1_healthy_unh,1,healthier,0,0
x,84,5.28,M,,1_healthy_unh,1,healthier,8,34
x,96,5.34,M,,1_healthy_unh,1,healthier,6,26
x,112,6.82,M,4,1_healthy_unh,1,healthier,0,0.2
x,118,6.41,M,4,1_healthy_unh,1,healthier,0,0
x,119,5.91,M,4,1_healthy_unh,1,healthier,0,0.2
x,121,6.87,F,4,1_healthy_unh,1,healthier,2,5
x,123,5.07,F,7,1_healthy_unh,1,healthier,0,0
x,125,5.27,F,8,1_healthy_unh,1,healthier,7,28.8
x,501,6.69,M,8,1_healthy_unh,1,healthier,3,2.7
x,506,5.32,M,7,1_healthy_unh,1,healthier,2,10.3
x,510,5.72,M,8,1_healthy_unh,1,healthier,5,21.1
x,512,5.11,F,9,1_healthy_unh,1,healthier,0,0.1
x,514,5.28,F,7,1_healthy_unh,1,healthier,5,19
x,517,6.63,M,9,1_healthy_unh,1,healthier,7,24.2
x,520,6.75,M,5,1_healthy_unh,1,healthier,1,0.4
x,522,5.88,F,8,1_healthy_unh,1,healthier,4,26.1
x,524,6.78,F,6,1_healthy_unh,1,healthier,1,3.4
x,525,5.95,F,6,1_healthy_unh,1,healthier,0,0.1
x,526,5.33,M,7,1_healthy_unh,1,healthier,0,0.1
x,535,6.7,F,9,1_healthy_unh,1,healthier,1,1.1
x,537,6.21,M,7,1_healthy_unh,1,healthier,0,0.1
x,544,6.51,F,9,1_healthy_unh,1,healthier,6,16.8
x,18,6.03,M,,1_healthy_unh,2,healthier,3,0.9
x,30,6.31,F,,1_healthy_unh,2,healthier,0,0.2
x,36,5.09,F,,1_healthy_unh,2,healthier,1,1.2
x,38,5.59,F,,1_healthy_unh,2,healthier,3,10
x,39,5.6,F,,1_healthy_unh,2,healthier,1,2.2
x,42,5.42,M,,1_healthy_unh,2,healthier,1,0.3
x,45,5.05,M,,1_healthy_unh,2,healthier,1,1.7
x,55,6.64,F,,1_healthy_unh,2,healthier,5,14.1
x,81,6.12,M,,1_healthy_unh,2,healthier,0,0.2
x,83,6.07,F,,1_healthy_unh,2,healthier,0,0
x,84,5.28,M,,1_healthy_unh,2,healthier,10,37.6
x,96,5.34,M,,1_healthy_unh,2,healthier,6,36.2
x,112,6.82,M,4,1_healthy_unh,2,healthier,0,0.2
x,118,6.41,M,4,1_healthy_unh,2,healthier,0,0.1
x,119,5.91,M,4,1_healthy_unh,2,healthier,5,9
x,121,6.87,F,4,1_healthy_unh,2,healthier,2,7.7
x,123,5.07,F,7,1_healthy_unh,2,healthier,6,31.3
x,125,5.27,F,8,1_healthy_unh,2,healthier,10,47.6
x,501,6.69,M,8,1_healthy_unh,2,healthier,9,45.1
x,506,5.32,M,7,1_healthy_unh,2,healthier,1,5.1
x,510,5.72,M,8,1_healthy_unh,2,healthier,12,38.4
x,512,5.11,F,9,1_healthy_unh,2,healthier,1,1.8
x,514,5.28,F,7,1_healthy_unh,2,healthier,5,27.2
x,517,6.63,M,9,1_healthy_unh,2,healthier,10,49.5
x,520,6.75,M,5,1_healthy_unh,2,healthier,1,0.6
x,522,5.88,F,8,1_healthy_unh,2,healthier,8,48.2
x,524,6.78,F,6,1_healthy_unh,2,healthier,5,21.9
x,525,5.95,F,6,1_healthy_unh,2,healthier,0,0.1
x,526,5.33,M,7,1_healthy_unh,2,healthier,0,0.1
x,535,6.7,F,9,1_healthy_unh,2,healthier,1,13.8
x,537,6.21,M,7,1_healthy_unh,2,healthier,1,2.5
x,544,6.51,F,9,1_healthy_unh,2,healthier,12,47.4
x,18,6.03,M,,1_healthy_unh,2,less_healthy,1,0.5
x,30,6.31,F,,1_healthy_unh,2,less_healthy,0,0.2
x,36,5.09,F,,1_healthy_unh,2,less_healthy,2,0.2
x,38,5.59,F,,1_healthy_unh,2,less_healthy,3,14.4
x,39,5.6,F,,1_healthy_unh,2,less_healthy,1,1.6
x,42,5.42,M,,1_healthy_unh,2,less_healthy,1,0.5
x,45,5.05,M,,1_healthy_unh,2,less_healthy,0,0
x,55,6.64,F,,1_healthy_unh,2,less_healthy,2,1
x,81,6.12,M,,1_healthy_unh,2,less_healthy,0,0.1
x,83,6.07,F,,1_healthy_unh,2,less_healthy,0,0
x,84,5.28,M,,1_healthy_unh,2,less_healthy,0,0
x,96,5.34,M,,1_healthy_unh,2,less_healthy,0,0.2
x,112,6.82,M,4,1_healthy_unh,2,less_healthy,0,0.1
x,118,6.41,M,4,1_healthy_unh,2,less_healthy,0,0
x,119,5.91,M,4,1_healthy_unh,2,less_healthy,0,0.1
x,121,6.87,F,4,1_healthy_unh,2,less_healthy,2,4.1
x,123,5.07,F,7,1_healthy_unh,2,less_healthy,0,0.1
x,125,5.27,F,8,1_healthy_unh,2,less_healthy,1,8.1
x,501,6.69,M,8,1_healthy_unh,2,less_healthy,1,1.3
x,506,5.32,M,7,1_healthy_unh,2,less_healthy,1,3.2
x,510,5.72,M,8,1_healthy_unh,2,less_healthy,2,10.5
x,512,5.11,F,9,1_healthy_unh,2,less_healthy,0,0.1
x,514,5.28,F,7,1_healthy_unh,2,less_healthy,5,26.1
x,517,6.63,M,9,1_healthy_unh,2,less_healthy,2,10.3
x,520,6.75,M,5,1_healthy_unh,2,less_healthy,1,0.6
x,522,5.88,F,8,1_healthy_unh,2,less_healthy,2,12.6
x,524,6.78,F,6,1_healthy_unh,2,less_healthy,5,22.9
x,525,5.95,F,6,1_healthy_unh,2,less_healthy,0,0.2
x,526,5.33,M,7,1_healthy_unh,2,less_healthy,0,0.1
x,535,6.7,F,9,1_healthy_unh,2,less_healthy,1,4.6
x,537,6.21,M,7,1_healthy_unh,2,less_healthy,4,12.8
x,544,6.51,F,9,1_healthy_unh,2,less_healthy,1,3.6
x,137,7.01,M,,2_MM_lab,1,healthier,0,0
x,138,6.14,M,,2_MM_lab,1,healthier,9,35.9
x,139,6.72,M,8,2_MM_lab,1,healthier,0,0
x,140,6.64,F,9,2_MM_lab,1,healthier,4,10.5
x,141,5.1,F,9,2_MM_lab,1,healthier,2,7.9
x,142,5.76,F,,2_MM_lab,1,healthier,1,1.1
x,143,5.39,F,6,2_MM_lab,1,healthier,1,0.9
x,144,5.19,F,5,2_MM_lab,1,healthier,0,0.1
x,145,5.49,F,8,2_MM_lab,1,healthier,4,19.4
x,146,5.07,M,4,2_MM_lab,1,healthier,20,36.7
x,147,5.21,F,,2_MM_lab,1,healthier,0,0.1
x,148,5.37,F,8,2_MM_lab,1,healthier,2,6.1
x,149,5.77,M,8,2_MM_lab,1,healthier,1,2.6
x,150,6.7,F,7,2_MM_lab,1,healthier,5,14.3
x,151,6.21,F,6,2_MM_lab,1,healthier,0,0.1
x,152,5.53,F,6,2_MM_lab,1,healthier,0,0
x,154,6.54,F,7,2_MM_lab,1,healthier,3,13
x,157,5.41,M,8,2_MM_lab,1,healthier,0,0.2
x,160,6.96,F,6,2_MM_lab,1,healthier,3,2.4
x,161,6.55,F,8,2_MM_lab,1,healthier,4,10
x,162,6.84,M,7,2_MM_lab,1,healthier,3,10.4
x,165,6.41,F,1,2_MM_lab,1,healthier,0,0.1
x,166,6.42,M,5,2_MM_lab,1,healthier,0,0
x,171,6.06,M,6,2_MM_lab,1,healthier,12,31.7
x,172,5.93,F,9,2_MM_lab,1,healthier,0,0.1
x,173,5.04,M,4,2_MM_lab,1,healthier,0,0.1
x,175,5.78,M,5,2_MM_lab,1,healthier,3,3
x,176,5.5,M,8,2_MM_lab,1,healthier,0,0.1
x,177,5.07,M,9,2_MM_lab,1,healthier,0,0.2
x,189,6.15,M,5,2_MM_lab,1,healthier,0,0.1
x,190,6.35,M,9,2_MM_lab,1,healthier,3,10.3
x,191,6.15,M,8,2_MM_lab,1,healthier,1,0.4
x,137,7.01,M,,2_MM_lab,1,less_healthy,0,0
x,138,6.14,M,,2_MM_lab,1,less_healthy,2,11.3
x,139,6.72,M,8,2_MM_lab,1,less_healthy,0,0
x,140,6.64,F,9,2_MM_lab,1,less_healthy,3,12.9
x,141,5.1,F,9,2_MM_lab,1,less_healthy,0,0.2
x,142,5.76,F,,2_MM_lab,1,less_healthy,1,0.8
x,143,5.39,F,6,2_MM_lab,1,less_healthy,0,0.1
x,144,5.19,F,5,2_MM_lab,1,less_healthy,0,0
x,145,5.49,F,8,2_MM_lab,1,less_healthy,5,21.4
x,146,5.07,M,4,2_MM_lab,1,less_healthy,0,0.1
x,147,5.21,F,,2_MM_lab,1,less_healthy,0,0.2
x,148,5.37,F,8,2_MM_lab,1,less_healthy,0,0
x,149,5.77,M,8,2_MM_lab,1,less_healthy,1,1.4
x,150,6.7,F,7,2_MM_lab,1,less_healthy,3,15.5
x,151,6.21,F,6,2_MM_lab,1,less_healthy,0,0.1
x,152,5.53,F,6,2_MM_lab,1,less_healthy,0,0.1
x,154,6.54,F,7,2_MM_lab,1,less_healthy,3,4.2
x,157,5.41,M,8,2_MM_lab,1,less_healthy,2,7.5
x,160,6.96,F,6,2_MM_lab,1,less_healthy,1,1.5
x,161,6.55,F,8,2_MM_lab,1,less_healthy,1,5.7
x,162,6.84,M,7,2_MM_lab,1,less_healthy,0,0.3
x,165,6.41,F,1,2_MM_lab,1,less_healthy,0,0.2
x,166,6.42,M,5,2_MM_lab,1,less_healthy,0,0.1
x,171,6.06,M,6,2_MM_lab,1,less_healthy,0,0.2
x,172,5.93,F,9,2_MM_lab,1,less_healthy,0,0
x,173,5.04,M,4,2_MM_lab,1,less_healthy,0,0.1
x,175,5.78,M,5,2_MM_lab,1,less_healthy,1,1.3
x,176,5.5,M,8,2_MM_lab,1,less_healthy,0,0.1
x,177,5.07,M,9,2_MM_lab,1,less_healthy,0,0.1
x,189,6.15,M,5,2_MM_lab,1,less_healthy,0,0.2
x,190,6.35,M,9,2_MM_lab,1,less_healthy,3,8.7
x,191,6.15,M,8,2_MM_lab,1,less_healthy,1,0.5
x,137,7.01,M,,2_MM_lab,2,healthier,0,0.1
x,138,6.14,M,,2_MM_lab,2,healthier,10,50.8
x,139,6.72,M,8,2_MM_lab,2,healthier,0,0.1
x,140,6.64,F,9,2_MM_lab,2,healthier,8,26.4
x,141,5.1,F,9,2_MM_lab,2,healthier,8,27.4
x,142,5.76,F,,2_MM_lab,2,healthier,2,3.8
x,143,5.39,F,6,2_MM_lab,2,healthier,1,3.1
x,144,5.19,F,5,2_MM_lab,2,healthier,0,0.2
x,145,5.49,F,8,2_MM_lab,2,healthier,4,29.8
x,146,5.07,M,4,2_MM_lab,2,healthier,15,47.4
x,147,5.21,F,,2_MM_lab,2,healthier,0,0
x,148,5.37,F,8,2_MM_lab,2,healthier,1,7.9
x,149,5.77,M,8,2_MM_lab,2,healthier,1,2.8
x,150,6.7,F,7,2_MM_lab,2,healthier,4,25.2
x,151,6.21,F,6,2_MM_lab,2,healthier,0,0.1
x,152,5.53,F,6,2_MM_lab,2,healthier,1,0.8
x,154,6.54,F,7,2_MM_lab,2,healthier,8,23.7
x,157,5.41,M,8,2_MM_lab,2,healthier,5,32
x,160,6.96,F,6,2_MM_lab,2,healthier,5,3.7
x,161,6.55,F,8,2_MM_lab,2,healthier,1,7.4
x,162,6.84,M,7,2_MM_lab,2,healthier,9,33.3
x,165,6.41,F,1,2_MM_lab,2,healthier,1,6.6
x,166,6.42,M,5,2_MM_lab,2,healthier,0,0
x,171,6.06,M,6,2_MM_lab,2,healthier,9,40.2
x,172,5.93,F,9,2_MM_lab,2,healthier,1,2.5
x,173,5.04,M,4,2_MM_lab,2,healthier,0,0.1
x,175,5.78,M,5,2_MM_lab,2,healthier,6,20.2
x,176,5.5,M,8,2_MM_lab,2,healthier,0,0.1
x,177,5.07,M,9,2_MM_lab,2,healthier,0,0.2
x,189,6.15,M,5,2_MM_lab,2,healthier,0,0.1
x,190,6.35,M,9,2_MM_lab,2,healthier,2,6.8
x,191,6.15,M,8,2_MM_lab,2,healthier,1,0.5
x,137,7.01,M,,2_MM_lab,2,less_healthy,0,0.1
x,138,6.14,M,,2_MM_lab,2,less_healthy,1,12
x,139,6.72,M,8,2_MM_lab,2,less_healthy,0,0.1
x,140,6.64,F,9,2_MM_lab,2,less_healthy,6,18.3
x,141,5.1,F,9,2_MM_lab,2,less_healthy,0,0.2
x,142,5.76,F,,2_MM_lab,2,less_healthy,2,5.3
x,143,5.39,F,6,2_MM_lab,2,less_healthy,1,1.6
x,144,5.19,F,5,2_MM_lab,2,less_healthy,0,0.1
x,145,5.49,F,8,2_MM_lab,2,less_healthy,5,18.7
x,146,5.07,M,4,2_MM_lab,2,less_healthy,0,0.2
x,147,5.21,F,,2_MM_lab,2,less_healthy,0,0.1
x,148,5.37,F,8,2_MM_lab,2,less_healthy,4,21.4
x,149,5.77,M,8,2_MM_lab,2,less_healthy,1,1.2
x,150,6.7,F,7,2_MM_lab,2,less_healthy,4,25.3
x,151,6.21,F,6,2_MM_lab,2,less_healthy,0,0.1
x,152,5.53,F,6,2_MM_lab,2,less_healthy,1,4.8
x,154,6.54,F,7,2_MM_lab,2,less_healthy,1,4.3
x,157,5.41,M,8,2_MM_lab,2,less_healthy,0,0.3
x,160,6.96,F,6,2_MM_lab,2,less_healthy,1,1
x,161,6.55,F,8,2_MM_lab,2,less_healthy,4,19.3
x,162,6.84,M,7,2_MM_lab,2,less_healthy,0,0.3
x,165,6.41,F,1,2_MM_lab,2,less_healthy,0,0.1
x,166,6.42,M,5,2_MM_lab,2,less_healthy,0,0.1
x,171,6.06,M,6,2_MM_lab,2,less_healthy,0,0.1
x,172,5.93,F,9,2_MM_lab,2,less_healthy,1,1.8
x,173,5.04,M,4,2_MM_lab,2,less_healthy,0,0.1
x,175,5.78,M,5,2_MM_lab,2,less_healthy,1,1.5
x,176,5.5,M,8,2_MM_lab,2,less_healthy,0,0.2
x,177,5.07,M,9,2_MM_lab,2,less_healthy,6,2.7
x,189,6.15,M,5,2_MM_lab,2,less_healthy,0,0.1
x,190,6.35,M,9,2_MM_lab,2,less_healthy,2,5.9
x,191,6.15,M,8,2_MM_lab,2,less_healthy,1,0.5
x,304,5.39,M,7,3_neu_unh,1,healthier,1,0.9
x,305,5.35,M,,3_neu_unh,1,healthier,2,2.5
x,306,5.26,F,8,3_neu_unh,1,healthier,7,22.2
x,307,5.26,F,8,3_neu_unh,1,healthier,4,11.1
x,311,5.49,F,,3_neu_unh,1,healthier,2,1
x,312,5.82,F,8,3_neu_unh,1,healthier,6,31.6
x,315,6.11,F,4,3_neu_unh,1,healthier,2,3.4
x,318,6.32,F,,3_neu_unh,1,healthier,6,41.7
x,320,6.61,F,7,3_neu_unh,1,healthier,2,10.2
x,324,5.38,M,5,3_neu_unh,1,healthier,3,17.5
x,333,6.97,M,6,3_neu_unh,1,healthier,2,1.2
x,335,6.31,M,6,3_neu_unh,1,healthier,1,0.1
x,359,5.13,M,1,3_neu_unh,1,healthier,0,0
x,364,6.36,F,6,3_neu_unh,1,healthier,1,2.2
x,376,6.34,M,8,3_neu_unh,1,healthier,0,0.1
x,377,6.55,M,9,3_neu_unh,1,healthier,0,0
x,393,6.01,F,4,3_neu_unh,1,healthier,1,2.5
x,394,6.16,M,9,3_neu_unh,1,healthier,0,0.2
x,397,6.14,M,7,3_neu_unh,1,healthier,2,4
x,398,6.14,F,7,3_neu_unh,1,healthier,4,7.5
x,399,5.27,M,6,3_neu_unh,1,healthier,1,0.7
x,437,6.89,F,8,3_neu_unh,1,healthier,4,16.9
x,438,6.13,F,3,3_neu_unh,1,healthier,0,0.2
x,439,5.51,M,9,3_neu_unh,1,healthier,0,0.2
x,440,5.88,F,7,3_neu_unh,1,healthier,2,11.2
x,530,5.21,F,8,3_neu_unh,1,healthier,1,1.9
x,532,5.28,M,6,3_neu_unh,1,healthier,14,15
x,540,5.86,M,7,3_neu_unh,1,healthier,7,36.2
x,541,6.4,M,9,3_neu_unh,1,healthier,13,38.9
x,543,6.36,M,7,3_neu_unh,1,healthier,8,38.9
x,547,6.01,F,,3_neu_unh,1,healthier,0,0
x,550,6.85,M,9,3_neu_unh,1,healthier,6,28
x,304,5.39,M,7,3_neu_unh,1,less_healthy,2,0.7
x,305,5.35,M,,3_neu_unh,1,less_healthy,0,0
x,306,5.26,F,8,3_neu_unh,1,less_healthy,5,7.7
x,307,5.26,F,8,3_neu_unh,1,less_healthy,1,2.3
x,311,5.49,F,,3_neu_unh,1,less_healthy,0,0
x,312,5.82,F,8,3_neu_unh,1,less_healthy,1,1.3
x,315,6.11,F,4,3_neu_unh,1,less_healthy,3,2.3
x,318,6.32,F,,3_neu_unh,1,less_healthy,5,43.3
x,320,6.61,F,7,3_neu_unh,1,less_healthy,1,4.1
x,324,5.38,M,5,3_neu_unh,1,less_healthy,5,18.4
x,333,6.97,M,6,3_neu_unh,1,less_healthy,0,0.2
x,335,6.31,M,6,3_neu_unh,1,less_healthy,1,0.3
x,359,5.13,M,1,3_neu_unh,1,less_healthy,0,0.1
x,364,6.36,F,6,3_neu_unh,1,less_healthy,1,1.9
x,376,6.34,M,8,3_neu_unh,1,less_healthy,1,2.6
x,377,6.55,M,9,3_neu_unh,1,less_healthy,0,0
x,393,6.01,F,4,3_neu_unh,1,less_healthy,0,0.1
x,394,6.16,M,9,3_neu_unh,1,less_healthy,0,0.2
x,397,6.14,M,7,3_neu_unh,1,less_healthy,2,9
x,398,6.14,F,7,3_neu_unh,1,less_healthy,4,13.7
x,399,5.27,M,6,3_neu_unh,1,less_healthy,0,0
x,437,6.89,F,8,3_neu_unh,1,less_healthy,1,3.9
x,438,6.13,F,3,3_neu_unh,1,less_healthy,0,0.4
x,439,5.51,M,9,3_neu_unh,1,less_healthy,0,0.3
x,440,5.88,F,7,3_neu_unh,1,less_healthy,1,7.2
x,530,5.21,F,8,3_neu_unh,1,less_healthy,0,0.1
x,532,5.28,M,6,3_neu_unh,1,less_healthy,3,14.1
x,540,5.86,M,7,3_neu_unh,1,less_healthy,1,3.8
x,541,6.4,M,9,3_neu_unh,1,less_healthy,2,11.7
x,543,6.36,M,7,3_neu_unh,1,less_healthy,1,6.3
x,547,6.01,F,,3_neu_unh,1,less_healthy,0,0.1
x,550,6.85,M,9,3_neu_unh,1,less_healthy,4,20.3
x,304,5.39,M,7,3_neu_unh,2,healthier,1,2
x,305,5.35,M,,3_neu_unh,2,healthier,2,6.4
x,306,5.26,F,8,3_neu_unh,2,healthier,8,41.7
x,307,5.26,F,8,3_neu_unh,2,healthier,15,28.4
x,311,5.49,F,,3_neu_unh,2,healthier,10,17.8
x,312,5.82,F,8,3_neu_unh,2,healthier,7,44.4
x,315,6.11,F,4,3_neu_unh,2,healthier,1,5.8
x,318,6.32,F,,3_neu_unh,2,healthier,9,52.3
x,320,6.61,F,7,3_neu_unh,2,healthier,3,22.6
x,324,5.38,M,5,3_neu_unh,2,healthier,6,18.2
x,333,6.97,M,6,3_neu_unh,2,healthier,1,1.6
x,335,6.31,M,6,3_neu_unh,2,healthier,1,1
x,359,5.13,M,1,3_neu_unh,2,healthier,0,0.2
x,364,6.36,F,6,3_neu_unh,2,healthier,1,5
x,376,6.34,M,8,3_neu_unh,2,healthier,2,5.9
x,377,6.55,M,9,3_neu_unh,2,healthier,12,49.5
x,393,6.01,F,4,3_neu_unh,2,healthier,1,5.3
x,394,6.16,M,9,3_neu_unh,2,healthier,0,0.4
x,397,6.14,M,7,3_neu_unh,2,healthier,5,16.7
x,398,6.14,F,7,3_neu_unh,2,healthier,5,19.8
x,399,5.27,M,6,3_neu_unh,2,healthier,1,5.9
x,437,6.89,F,8,3_neu_unh,2,healthier,8,29.3
x,438,6.13,F,3,3_neu_unh,2,healthier,2,6.6
x,439,5.51,M,9,3_neu_unh,2,healthier,0,0.4
x,440,5.88,F,7,3_neu_unh,2,healthier,4,18.6
x,530,5.21,F,8,3_neu_unh,2,healthier,3,14.8
x,532,5.28,M,6,3_neu_unh,2,healthier,6,27.1
x,540,5.86,M,7,3_neu_unh,2,healthier,7,36
x,541,6.4,M,9,3_neu_unh,2,healthier,8,48.7
x,543,6.36,M,7,3_neu_unh,2,healthier,8,50.3
x,547,6.01,F,,3_neu_unh,2,healthier,0,0.1
x,550,6.85,M,9,3_neu_unh,2,healthier,5,21.3
x,304,5.39,M,7,3_neu_unh,2,less_healthy,1,0.3
x,305,5.35,M,,3_neu_unh,2,less_healthy,0,0.1
x,306,5.26,F,8,3_neu_unh,2,less_healthy,2,5.8
x,307,5.26,F,8,3_neu_unh,2,less_healthy,3,10.2
x,311,5.49,F,,3_neu_unh,2,less_healthy,0,0.1
x,312,5.82,F,8,3_neu_unh,2,less_healthy,3,39.2
x,315,6.11,F,4,3_neu_unh,2,less_healthy,1,18.8
x,318,6.32,F,,3_neu_unh,2,less_healthy,13,48.1
x,320,6.61,F,7,3_neu_unh,2,less_healthy,1,5.5
x,324,5.38,M,5,3_neu_unh,2,less_healthy,4,24
x,333,6.97,M,6,3_neu_unh,2,less_healthy,0,0.2
x,335,6.31,M,6,3_neu_unh,2,less_healthy,1,3.2
x,359,5.13,M,1,3_neu_unh,2,less_healthy,0,0.1
x,364,6.36,F,6,3_neu_unh,2,less_healthy,1,4.5
x,376,6.34,M,8,3_neu_unh,2,less_healthy,2,5.9
x,377,6.55,M,9,3_neu_unh,2,less_healthy,1,13.5
x,393,6.01,F,4,3_neu_unh,2,less_healthy,0,0.1
x,394,6.16,M,9,3_neu_unh,2,less_healthy,0,0.3
x,397,6.14,M,7,3_neu_unh,2,less_healthy,5,12.7
x,398,6.14,F,7,3_neu_unh,2,less_healthy,5,12.3
x,399,5.27,M,6,3_neu_unh,2,less_healthy,1,2.6
x,437,6.89,F,8,3_neu_unh,2,less_healthy,1,4.7
x,438,6.13,F,3,3_neu_unh,2,less_healthy,0,0.2
x,439,5.51,M,9,3_neu_unh,2,less_healthy,0,0.3
x,440,5.88,F,7,3_neu_unh,2,less_healthy,3,18.8
x,530,5.21,F,8,3_neu_unh,2,less_healthy,2,8.1
x,532,5.28,M,6,3_neu_unh,2,less_healthy,5,17.3
x,540,5.86,M,7,3_neu_unh,2,less_healthy,7,33.3
x,541,6.4,M,9,3_neu_unh,2,less_healthy,8,51.7
x,543,6.36,M,7,3_neu_unh,2,less_healthy,1,12.3
x,547,6.01,F,,3_neu_unh,2,less_healthy,0,0
x,550,6.85,M,9,3_neu_unh,2,less_healthy,3,16.7
x,302,5.79,M,7,4_healthy_neu,1,healthier,0,0.1
x,303,5.79,M,7,4_healthy_neu,1,healthier,1,3.3
x,308,5.82,F,,4_healthy_neu,1,healthier,4,9
x,309,6.68,F,2,4_healthy_neu,1,healthier,1,2.3
x,310,5.08,F,2,4_healthy_neu,1,healthier,1,2.5
x,313,5.29,M,7,4_healthy_neu,1,healthier,2,2.4
x,314,6.17,F,6,4_healthy_neu,1,healthier,0,0
x,316,6.76,M,9,4_healthy_neu,1,healthier,0,-0.2
x,322,5.29,M,9,4_healthy_neu,1,healthier,1,1
x,325,6.06,M,7,4_healthy_neu,1,healthier,12,33.2
x,343,5.02,F,8,4_healthy_neu,1,healthier,0,0
x,345,5.12,F,1,4_healthy_neu,1,healthier,1,0.9
x,368,6.34,M,8,4_healthy_neu,1,healthier,0,0.4
x,370,6.19,M,1,4_healthy_neu,1,healthier,1,0.1
x,371,6.41,F,5,4_healthy_neu,1,healthier,3,16.5
x,375,6.33,F,6,4_healthy_neu,1,healthier,5,8.7
x,391,7,F,5,4_healthy_neu,1,healthier,1,5.8
x,392,6.26,M,4,4_healthy_neu,1,healthier,1,0.9
x,395,5.29,F,8,4_healthy_neu,1,healthier,1,1.7
x,396,6.16,F,3,4_healthy_neu,1,healthier,1,4.1
x,400,5.96,M,3,4_healthy_neu,1,healthier,2,11.4
x,401,5.61,F,8,4_healthy_neu,1,healthier,0,0.1
x,402,6.79,F,8,4_healthy_neu,1,healthier,3,1.4
x,417,5.46,M,9,4_healthy_neu,1,healthier,4,18.5
x,420,6.83,F,8,4_healthy_neu,1,healthier,6,15.4
x,433,5.9,F,8,4_healthy_neu,1,healthier,2,1.4
x,533,5.95,F,7,4_healthy_neu,1,healthier,0,0
x,534,5.3,M,8,4_healthy_neu,1,healthier,0,0.1
x,536,5.42,M,9,4_healthy_neu,1,healthier,7,34.6
x,548,6.64,M,6,4_healthy_neu,1,healthier,6,15.2
x,549,6.64,M,6,4_healthy_neu,1,healthier,0,0
x,551,6.07,M,8,4_healthy_neu,1,healthier,2,14.6
x,302,5.79,M,7,4_healthy_neu,1,less_healthy,0,0.1
x,303,5.79,M,7,4_healthy_neu,1,less_healthy,1,3.6
x,308,5.82,F,,4_healthy_neu,1,less_healthy,1,2
x,309,6.68,F,2,4_healthy_neu,1,less_healthy,1,1.5
x,310,5.08,F,2,4_healthy_neu,1,less_healthy,1,3.7
x,313,5.29,M,7,4_healthy_neu,1,less_healthy,2,1.7
x,314,6.17,F,6,4_healthy_neu,1,less_healthy,0,0
x,316,6.76,M,9,4_healthy_neu,1,less_healthy,3,16.1
x,322,5.29,M,9,4_healthy_neu,1,less_healthy,1,3.2
x,325,6.06,M,7,4_healthy_neu,1,less_healthy,5,17.9
x,343,5.02,F,8,4_healthy_neu,1,less_healthy,0,0
x,345,5.12,F,1,4_healthy_neu,1,less_healthy,9,0
x,368,6.34,M,8,4_healthy_neu,1,less_healthy,0,0.8
x,370,6.19,M,1,4_healthy_neu,1,less_healthy,1,0.2
x,371,6.41,F,5,4_healthy_neu,1,less_healthy,1,4.1
x,375,6.33,F,6,4_healthy_neu,1,less_healthy,1,0.5
x,391,7,F,5,4_healthy_neu,1,less_healthy,1,6.3
x,392,6.26,M,4,4_healthy_neu,1,less_healthy,1,0.4
x,395,5.29,F,8,4_healthy_neu,1,less_healthy,1,0.7
x,396,6.16,F,3,4_healthy_neu,1,less_healthy,3,7.3
x,400,5.96,M,3,4_healthy_neu,1,less_healthy,2,6.8
x,401,5.61,F,8,4_healthy_neu,1,less_healthy,5,7.1
x,402,6.79,F,8,4_healthy_neu,1,less_healthy,1,1.2
x,417,5.46,M,9,4_healthy_neu,1,less_healthy,5,14.3
x,420,6.83,F,8,4_healthy_neu,1,less_healthy,2,4.8
x,433,5.9,F,8,4_healthy_neu,1,less_healthy,4,1.4
x,533,5.95,F,7,4_healthy_neu,1,less_healthy,0,0
x,534,5.3,M,8,4_healthy_neu,1,less_healthy,0,0.1
x,536,5.42,M,9,4_healthy_neu,1,less_healthy,9,40.2
x,548,6.64,M,6,4_healthy_neu,1,less_healthy,7,17.9
x,549,6.64,M,6,4_healthy_neu,1,less_healthy,0,0.1
x,551,6.07,M,8,4_healthy_neu,1,less_healthy,2,10.1
x,302,5.79,M,7,4_healthy_neu,2,healthier,0,0.4
x,303,5.79,M,7,4_healthy_neu,2,healthier,1,3.8
x,308,5.82,F,,4_healthy_neu,2,healthier,5,11.5
x,309,6.68,F,2,4_healthy_neu,2,healthier,1,3.2
x,310,5.08,F,2,4_healthy_neu,2,healthier,1,7.3
x,313,5.29,M,7,4_healthy_neu,2,healthier,5,15.3
x,314,6.17,F,6,4_healthy_neu,2,healthier,1,2.1
x,316,6.76,M,9,4_healthy_neu,2,healthier,9,30.4
x,322,5.29,M,9,4_healthy_neu,2,healthier,3,5.2
x,325,6.06,M,7,4_healthy_neu,2,healthier,7,28.9
x,343,5.02,F,8,4_healthy_neu,2,healthier,0,0
x,345,5.12,F,1,4_healthy_neu,2,healthier,1,2.5
x,368,6.34,M,8,4_healthy_neu,2,healthier,0,0
x,370,6.19,M,1,4_healthy_neu,2,healthier,1,0.1
x,371,6.41,F,5,4_healthy_neu,2,healthier,1,6.8
x,375,6.33,F,6,4_healthy_neu,2,healthier,3,14.8
x,391,7,F,5,4_healthy_neu,2,healthier,1,4.8
x,392,6.26,M,4,4_healthy_neu,2,healthier,1,2.1
x,395,5.29,F,8,4_healthy_neu,2,healthier,1,2
x,396,6.16,F,3,4_healthy_neu,2,healthier,1,5
x,400,5.96,M,3,4_healthy_neu,2,healthier,3,20.9
x,401,5.61,F,8,4_healthy_neu,2,healthier,4,8.7
x,402,6.79,F,8,4_healthy_neu,2,healthier,5,7.2
x,417,5.46,M,9,4_healthy_neu,2,healthier,4,15.1
x,420,6.83,F,8,4_healthy_neu,2,healthier,6,18.2
x,433,5.9,F,8,4_healthy_neu,2,healthier,7,9.2
x,533,5.95,F,7,4_healthy_neu,2,healthier,0,0.2
x,534,5.3,M,8,4_healthy_neu,2,healthier,0,0.2
x,536,5.42,M,9,4_healthy_neu,2,healthier,5,43
x,548,6.64,M,6,4_healthy_neu,2,healthier,4,8.6
x,549,6.64,M,6,4_healthy_neu,2,healthier,0,0.1
x,551,6.07,M,8,4_healthy_neu,2,healthier,3,27.7
x,302,5.79,M,7,4_healthy_neu,2,less_healthy,0,0
x,303,5.79,M,7,4_healthy_neu,2,less_healthy,1,5.1
x,308,5.82,F,,4_healthy_neu,2,less_healthy,4,5.1
x,309,6.68,F,2,4_healthy_neu,2,less_healthy,1,2.5
x,310,5.08,F,2,4_healthy_neu,2,less_healthy,1,6.6
x,313,5.29,M,7,4_healthy_neu,2,less_healthy,1,0.9
x,314,6.17,F,6,4_healthy_neu,2,less_healthy,1,1.3
x,316,6.76,M,9,4_healthy_neu,2,less_healthy,0,-0.1
x,322,5.29,M,9,4_healthy_neu,2,less_healthy,3,5.9
x,325,6.06,M,7,4_healthy_neu,2,less_healthy,7,23.9
x,343,5.02,F,8,4_healthy_neu,2,less_healthy,0,0
x,345,5.12,F,1,4_healthy_neu,2,less_healthy,1,2.2
x,368,6.34,M,8,4_healthy_neu,2,less_healthy,0,0.2
x,370,6.19,M,1,4_healthy_neu,2,less_healthy,1,0.2
x,371,6.41,F,5,4_healthy_neu,2,less_healthy,10,39.6
x,375,6.33,F,6,4_healthy_neu,2,less_healthy,5,20.9
x,391,7,F,5,4_healthy_neu,2,less_healthy,6,23.7
x,392,6.26,M,4,4_healthy_neu,2,less_healthy,1,1.2
x,395,5.29,F,8,4_healthy_neu,2,less_healthy,1,1.8
x,396,6.16,F,3,4_healthy_neu,2,less_healthy,2,8.6
x,400,5.96,M,3,4_healthy_neu,2,less_healthy,4,12.9
x,401,5.61,F,8,4_healthy_neu,2,less_healthy,5,8.2
x,402,6.79,F,8,4_healthy_neu,2,less_healthy,1,1.5
x,417,5.46,M,9,4_healthy_neu,2,less_healthy,5,9.4
x,420,6.83,F,8,4_healthy_neu,2,less_healthy,2,9.1
x,433,5.9,F,8,4_healthy_neu,2,less_healthy,6,7.5
x,533,5.95,F,7,4_healthy_neu,2,less_healthy,0,0.1
x,534,5.3,M,8,4_healthy_neu,2,less_healthy,0,0.1
x,536,5.42,M,9,4_healthy_neu,2,less_healthy,8,49.4
x,548,6.64,M,6,4_healthy_neu,2,less_healthy,9,11.2
x,549,6.64,M,6,4_healthy_neu,2,less_healthy,0,0.1
x,551,6.07,M,8,4_healthy_neu,2,less_healthy,3,29
x,203,5.79,M,,5_both_neg,1,healthier,0,0
x,209,5.6,M,,5_both_neg,1,healthier,0,0.1
x,210,5.33,M,,5_both_neg,1,healthier,1,8.1
x,317,6.79,F,9,5_both_neg,1,healthier,0,0
x,319,5.86,F,9,5_both_neg,1,healthier,1,0.2
x,321,6.89,F,9,5_both_neg,1,healthier,1,0.9
x,323,5.01,F,1,5_both_neg,1,healthier,2,9.5
x,326,5.14,M,4,5_both_neg,1,healthier,1,5.5
x,327,6.64,F,4,5_both_neg,1,healthier,7,42.6
x,330,5.67,F,7,5_both_neg,1,healthier,3,4.8
x,331,5.67,F,7,5_both_neg,1,healthier,5,9.4
x,332,5.21,M,6,5_both_neg,1,healthier,0,0
x,334,5.08,M,3,5_both_neg,1,healthier,3,5.7
x,336,6.04,M,9,5_both_neg,1,healthier,9,34.8
x,337,5.47,F,8,5_both_neg,1,healthier,1,2.8
x,338,5.21,M,2,5_both_neg,1,healthier,2,21.2
x,339,6.43,M,8,5_both_neg,1,healthier,0,0
x,340,5.58,F,2,5_both_neg,1,healthier,0,0
x,341,6.16,F,9,5_both_neg,1,healthier,0,0
x,342,5.27,F,9,5_both_neg,1,healthier,1,0.8
x,346,6.2,M,9,5_both_neg,1,healthier,7,35.6
x,347,5.63,M,9,5_both_neg,1,healthier,0,0
x,349,5.86,M,5,5_both_neg,1,healthier,1,0.3
x,350,6.09,M,2,5_both_neg,1,healthier,3,2.8
x,351,6.02,M,2,5_both_neg,1,healthier,3,22.8
x,353,6.14,M,6,5_both_neg,1,healthier,0,0
x,356,6.12,F,,5_both_neg,1,healthier,5,30.5
x,360,7.07,F,6,5_both_neg,1,healthier,3,2.2
x,365,6.89,F,5,5_both_neg,1,healthier,0,0.1
x,366,6.33,M,1,5_both_neg,1,healthier,2,11.2
x,367,6.43,M,2,5_both_neg,1,healthier,1,0.9
x,369,6.33,F,8,5_both_neg,1,healthier,3,7.7
x,203,5.79,M,,5_both_neg,1,less_healthy,0,0.1
x,209,5.6,M,,5_both_neg,1,less_healthy,0,0.2
x,210,5.33,M,,5_both_neg,1,less_healthy,2,26.1
x,317,6.79,F,9,5_both_neg,1,less_healthy,0,0
x,319,5.86,F,9,5_both_neg,1,less_healthy,1,0.3
x,321,6.89,F,9,5_both_neg,1,less_healthy,1,0.3
x,323,5.01,F,1,5_both_neg,1,less_healthy,1,0.3
x,326,5.14,M,4,5_both_neg,1,less_healthy,1,8.5
x,327,6.64,F,4,5_both_neg,1,less_healthy,0,0
x,330,5.67,F,7,5_both_neg,1,less_healthy,2,3.4
x,331,5.67,F,7,5_both_neg,1,less_healthy,6,11.2
x,332,5.21,M,6,5_both_neg,1,less_healthy,0,0
x,334,5.08,M,3,5_both_neg,1,less_healthy,0,0
x,336,6.04,M,9,5_both_neg,1,less_healthy,10,34.1
x,337,5.47,F,8,5_both_neg,1,less_healthy,0,0
x,338,5.21,M,2,5_both_neg,1,less_healthy,1,21.2
x,339,6.43,M,8,5_both_neg,1,less_healthy,0,0
x,340,5.58,F,2,5_both_neg,1,less_healthy,0,0
x,341,6.16,F,9,5_both_neg,1,less_healthy,0,0
x,342,5.27,F,9,5_both_neg,1,less_healthy,1,1.1
x,346,6.2,M,9,5_both_neg,1,less_healthy,0,0
x,347,5.63,M,9,5_both_neg,1,less_healthy,0,0
x,349,5.86,M,5,5_both_neg,1,less_healthy,1,0.5
x,350,6.09,M,2,5_both_neg,1,less_healthy,1,0.6
x,351,6.02,M,2,5_both_neg,1,less_healthy,0,23.5
x,353,6.14,M,6,5_both_neg,1,less_healthy,0,0
x,356,6.12,F,,5_both_neg,1,less_healthy,0,0
x,360,7.07,F,6,5_both_neg,1,less_healthy,2,1.9
x,365,6.89,F,5,5_both_neg,1,less_healthy,1,0.3
x,366,6.33,M,1,5_both_neg,1,less_healthy,4,20.5
x,367,6.43,M,2,5_both_neg,1,less_healthy,0,-0.1
x,369,6.33,F,8,5_both_neg,1,less_healthy,2,10.1
x,203,5.79,M,,5_both_neg,2,healthier,0,0
x,209,5.6,M,,5_both_neg,2,healthier,0,0.1
x,210,5.33,M,,5_both_neg,2,healthier,4,36.5
x,317,6.79,F,9,5_both_neg,2,healthier,1,3.2
x,319,5.86,F,9,5_both_neg,2,healthier,1,0.2
x,321,6.89,F,9,5_both_neg,2,healthier,1,0.1
x,323,5.01,F,1,5_both_neg,2,healthier,3,11.8
x,326,5.14,M,4,5_both_neg,2,healthier,6,31.6
x,327,6.64,F,4,5_both_neg,2,healthier,9,51.5
x,330,5.67,F,7,5_both_neg,2,healthier,15,51.4
x,331,5.67,F,7,5_both_neg,2,healthier,0,47.3
x,332,5.21,M,6,5_both_neg,2,healthier,0,0
x,334,5.08,M,3,5_both_neg,2,healthier,2,6.2
x,336,6.04,M,9,5_both_neg,2,healthier,16,51.4
x,337,5.47,F,8,5_both_neg,2,healthier,1,5.4
x,338,5.21,M,2,5_both_neg,2,healthier,5,19.2
x,339,6.43,M,8,5_both_neg,2,healthier,0,0
x,340,5.58,F,2,5_both_neg,2,healthier,1,2.6
x,341,6.16,F,9,5_both_neg,2,healthier,2,26.1
x,342,5.27,F,9,5_both_neg,2,healthier,1,5.1
x,346,6.2,M,9,5_both_neg,2,healthier,8,48.1
x,347,5.63,M,9,5_both_neg,2,healthier,0,0
x,349,5.86,M,5,5_both_neg,2,healthier,1,1.4
x,350,6.09,M,2,5_both_neg,2,healthier,1,3.2
x,351,6.02,M,2,5_both_neg,2,healthier,7,36.2
x,353,6.14,M,6,5_both_neg,2,healthier,0,0
x,356,6.12,F,,5_both_neg,2,healthier,7,48.4
x,360,7.07,F,6,5_both_neg,2,healthier,0,3.1
x,365,6.89,F,5,5_both_neg,2,healthier,1,2
x,366,6.33,M,1,5_both_neg,2,healthier,7,28.2
x,367,6.43,M,2,5_both_neg,2,healthier,1,4.5
x,369,6.33,F,8,5_both_neg,2,healthier,2,9.4
x,203,5.79,M,,5_both_neg,2,less_healthy,0,0.1
x,209,5.6,M,,5_both_neg,2,less_healthy,0,0.2
x,210,5.33,M,,5_both_neg,2,less_healthy,1,19.7
x,317,6.79,F,9,5_both_neg,2,less_healthy,0,0
x,319,5.86,F,9,5_both_neg,2,less_healthy,1,0.4
x,321,6.89,F,9,5_both_neg,2,less_healthy,1,0.1
x,323,5.01,F,1,5_both_neg,2,less_healthy,4,30
x,326,5.14,M,4,5_both_neg,2,less_healthy,1,5.6
x,327,6.64,F,4,5_both_neg,2,less_healthy,0,0
x,330,5.67,F,7,5_both_neg,2,less_healthy,3,14.4
x,331,5.67,F,7,5_both_neg,2,less_healthy,9,43.9
x,332,5.21,M,6,5_both_neg,2,less_healthy,0,0
x,334,5.08,M,3,5_both_neg,2,less_healthy,1,5.2
x,336,6.04,M,9,5_both_neg,2,less_healthy,9,44.8
x,337,5.47,F,8,5_both_neg,2,less_healthy,1,6.7
x,338,5.21,M,2,5_both_neg,2,less_healthy,4,15.4
x,339,6.43,M,8,5_both_neg,2,less_healthy,0,0
x,340,5.58,F,2,5_both_neg,2,less_healthy,1,3.7
x,341,6.16,F,9,5_both_neg,2,less_healthy,1,5.7
x,342,5.27,F,9,5_both_neg,2,less_healthy,1,4.4
x,346,6.2,M,9,5_both_neg,2,less_healthy,0,0
x,347,5.63,M,9,5_both_neg,2,less_healthy,0,0
x,349,5.86,M,5,5_both_neg,2,less_healthy,1,1.5
x,350,6.09,M,2,5_both_neg,2,less_healthy,1,2.3
x,351,6.02,M,2,5_both_neg,2,less_healthy,4,19.4
x,353,6.14,M,6,5_both_neg,2,less_healthy,0,0
x,356,6.12,F,,5_both_neg,2,less_healthy,0,0
x,360,7.07,F,6,5_both_neg,2,less_healthy,3,5.3
x,365,6.89,F,5,5_both_neg,2,less_healthy,1,1.2
x,366,6.33,M,1,5_both_neg,2,less_healthy,1,5.9
x,367,6.43,M,2,5_both_neg,2,less_healthy,0,0.1
x,369,6.33,F,8,5_both_neg,2,less_healthy,2,9.3
x,553,8.16,F,9,6_MM_older,1,healthier,2,11.1
x,556,9.5,F,,6_MM_older,1,healthier,0,0
x,558,8.6,M,6,6_MM_older,1,healthier,1,0.1
x,560,8.83,F,6,6_MM_older,1,healthier,0,0
x,562,8.55,M,9,6_MM_older,1,healthier,7,13.1
x,564,8.34,F,5,6_MM_older,1,healthier,6,45.6
x,565,9.75,M,5,6_MM_older,1,healthier,9,42
x,566,8.3,M,7,6_MM_older,1,healthier,0,0
x,569,8.49,M,6,6_MM_older,1,healthier,2,10.9
x,573,9.21,M,8,6_MM_older,1,healthier,4,12.6
x,574,9.5,F,8,6_MM_older,1,healthier,7,36.3
x,579,8.56,M,8,6_MM_older,1,healthier,11,46.9
x,580,8.77,F,8,6_MM_older,1,healthier,1,0.8
x,583,8.57,M,7,6_MM_older,1,healthier,3,14.1
x,586,9.05,F,6,6_MM_older,1,healthier,9,47
x,588,9.41,F,9,6_MM_older,1,healthier,7,49.2
x,591,9.72,F,8,6_MM_older,1,healthier,1,0.4
x,593,8.34,M,6,6_MM_older,1,healthier,7,48
x,594,9.45,M,8,6_MM_older,1,healthier,18,47.4
x,595,8.38,F,8,6_MM_older,1,healthier,1,8.9
x,597,9.9,F,7,6_MM_older,1,healthier,10,49.4
x,601,8.59,M,5,6_MM_older,1,healthier,7,30.6
x,603,9.04,F,3,6_MM_older,1,healthier,22,50.3
x,606,9.85,M,9,6_MM_older,1,healthier,6,43.5
x,608,9.24,M,9,6_MM_older,1,healthier,2,5.6
x,612,8.39,F,8,6_MM_older,1,healthier,6,38.2
x,616,8.36,M,9,6_MM_older,1,healthier,3,9.4
x,622,9.53,F,6,6_MM_older,1,healthier,10,46.8
x,624,8.6,M,9,6_MM_older,1,healthier,3,6.2
x,625,8.05,F,5,6_MM_older,1,healthier,2,2.1
x,631,9.92,M,7,6_MM_older,1,healthier,1,0.6
x,632,9.88,F,,6_MM_older,1,healthier,9,49.5
x,633,9.57,F,8,6_MM_older,1,healthier,4,29
x,18,6.03,M,,6_MM_older,1,less_healthy,0,0.5
x,30,6.31,F,,6_MM_older,1,less_healthy,0,0.1
x,36,5.09,F,,6_MM_older,1,less_healthy,3,0.7
x,38,5.59,F,,6_MM_older,1,less_healthy,1,0.5
x,39,5.6,F,,6_MM_older,1,less_healthy,1,1.4
x,42,5.42,M,,6_MM_older,1,less_healthy,2,3.3
x,45,5.05,M,,6_MM_older,1,less_healthy,0,0.1
x,55,6.64,F,,6_MM_older,1,less_healthy,3,0.7
x,81,6.12,M,,6_MM_older,1,less_healthy,0,0.1
x,83,6.07,F,,6_MM_older,1,less_healthy,0,0
x,84,5.28,M,,6_MM_older,1,less_healthy,0,0.1
x,96,5.34,M,,6_MM_older,1,less_healthy,0,0.1
x,112,6.82,M,4,6_MM_older,1,less_healthy,0,0.2
x,118,6.41,M,4,6_MM_older,1,less_healthy,0,0.1
x,119,5.91,M,4,6_MM_older,1,less_healthy,0,0.1
x,121,6.87,F,4,6_MM_older,1,less_healthy,2,5.6
x,123,5.07,F,7,6_MM_older,1,less_healthy,0,0.1
x,125,5.27,F,8,6_MM_older,1,less_healthy,1,2.2
x,501,6.69,M,8,6_MM_older,1,less_healthy,2,0.8
x,506,5.32,M,7,6_MM_older,1,less_healthy,0,0.2
x,510,5.72,M,8,6_MM_older,1,less_healthy,1,4.2
x,512,5.11,F,9,6_MM_older,1,less_healthy,0,0.1
x,514,5.28,F,7,6_MM_older,1,less_healthy,3,15.1
x,517,6.63,M,9,6_MM_older,1,less_healthy,1,2.5
x,520,6.75,M,5,6_MM_older,1,less_healthy,1,1.5
x,522,5.88,F,8,6_MM_older,1,less_healthy,1,5
x,524,6.78,F,6,6_MM_older,1,less_healthy,1,1.7
x,525,5.95,F,6,6_MM_older,1,less_healthy,0,0.1
x,526,5.33,M,7,6_MM_older,1,less_healthy,0,0.1
x,535,6.7,F,9,6_MM_older,1,less_healthy,1,1.4
x,537,6.21,M,7,6_MM_older,1,less_healthy,0,0
x,544,6.51,F,9,6_MM_older,1,less_healthy,3,9.8
x,262,6.01,M,,6_MM_older,1,less_healthy,1,1.7
x,263,5.8,M,,6_MM_older,1,less_healthy,0,11.7
x,264,5.73,F,,6_MM_older,1,less_healthy,1,14.8
x,575,6.56,F,9,6_MM_older,1,less_healthy,1,1.5
x,576,6.22,M,8,6_MM_older,1,less_healthy,2,12.2
x,577,6.78,M,8,6_MM_older,1,less_healthy,3,0.4
x,578,6.5,M,8,6_MM_older,1,less_healthy,1,8.4
x,585,5.33,M,9,6_MM_older,1,less_healthy,2,0
x,587,5.25,M,6,6_MM_older,1,less_healthy,1,9.8
x,590,6.97,F,6,6_MM_older,1,less_healthy,5,2.3
x,592,6.62,M,8,6_MM_older,1,less_healthy,0,1
x,596,5.31,F,8,6_MM_older,1,less_healthy,1,32.1
x,598,6.27,M,7,6_MM_older,1,less_healthy,1,31.3
x,600,5.27,M,9,6_MM_older,1,less_healthy,1,6.3
x,602,6.19,M,5,6_MM_older,1,less_healthy,6,0
x,604,6.5,F,3,6_MM_older,1,less_healthy,4,44.9
x,607,6.72,M,8,6_MM_older,1,less_healthy,1,0
x,609,5.8,F,9,6_MM_older,1,less_healthy,0,6.1
x,610,6.37,F,8,6_MM_older,1,less_healthy,12,0.1
x,611,6.61,M,8,6_MM_older,1,less_healthy,0,15.8
x,613,5.95,M,8,6_MM_older,1,less_healthy,2,15.3
x,614,6.67,M,9,6_MM_older,1,less_healthy,0,15.6
x,615,6.16,M,9,6_MM_older,1,less_healthy,6,1.3
x,617,6.47,F,9,6_MM_older,1,less_healthy,5,0.3
x,619,6.44,F,6,6_MM_older,1,less_healthy,5,27.3
x,620,6.09,F,9,6_MM_older,1,less_healthy,1,0.1
x,623,6.5,F,9,6_MM_older,1,less_healthy,2,3.5
x,626,5.36,F,,6_MM_older,1,less_healthy,4,3
x,627,5.62,F,,6_MM_older,1,less_healthy,0,12.3
x,628,6.74,F,7,6_MM_older,1,less_healthy,1,3.3
x,629,6.55,F,8,6_MM_older,1,less_healthy,1,0.1
x,630,5.64,F,8,6_MM_older,1,less_healthy,5,3
x,553,8.16,F,9,6_MM_older,1,less_healthy,6,28.8
x,556,9.5,F,,6_MM_older,1,less_healthy,0,0
x,558,8.6,M,6,6_MM_older,1,less_healthy,1,0.3
x,560,8.83,F,6,6_MM_older,1,less_healthy,0,0
x,562,8.55,M,9,6_MM_older,1,less_healthy,6,14.4
x,564,8.34,F,5,6_MM_older,1,less_healthy,11,53.4
x,565,9.75,M,5,6_MM_older,1,less_healthy,1,6.5
x,566,8.3,M,7,6_MM_older,1,less_healthy,0,0
x,569,8.49,M,6,6_MM_older,1,less_healthy,2,13.2
x,573,9.21,M,8,6_MM_older,1,less_healthy,1,3.9
x,574,9.5,F,8,6_MM_older,1,less_healthy,1,3.3
x,579,8.56,M,8,6_MM_older,1,less_healthy,2,7.7
x,580,8.77,F,8,6_MM_older,1,less_healthy,1,1
x,583,8.57,M,7,6_MM_older,1,less_healthy,1,7.4
x,586,9.05,F,6,6_MM_older,1,less_healthy,5,38.6
x,588,9.41,F,9,6_MM_older,1,less_healthy,4,28.1
x,591,9.72,F,8,6_MM_older,1,less_healthy,1,0.4
x,593,8.34,M,6,6_MM_older,1,less_healthy,2,21.6
x,594,9.45,M,8,6_MM_older,1,less_healthy,1,2
x,595,8.38,F,8,6_MM_older,1,less_healthy,1,7.4
x,597,9.9,F,7,6_MM_older,1,less_healthy,0,0
x,601,8.59,M,5,6_MM_older,1,less_healthy,7,30.6
x,603,9.04,F,3,6_MM_older,1,less_healthy,1,7.4
x,606,9.85,M,9,6_MM_older,1,less_healthy,5,47.3
x,608,9.24,M,9,6_MM_older,1,less_healthy,1,3.5
x,612,8.39,F,8,6_MM_older,1,less_healthy,2,6.7
x,616,8.36,M,9,6_MM_older,1,less_healthy,3,10.1
x,622,9.53,F,6,6_MM_older,1,less_healthy,1,2.7
x,624,8.6,M,9,6_MM_older,1,less_healthy,1,3.2
x,625,8.05,F,5,6_MM_older,1,less_healthy,1,0.9
x,631,9.92,M,7,6_MM_older,1,less_healthy,1,0.6
x,632,9.88,F,,6_MM_older,1,less_healthy,0,0.1
x,633,9.57,F,8,6_MM_older,1,less_healthy,3,16.5
x,553,8.16,F,9,6_MM_older,2,healthier,5,25
x,556,9.5,F,,6_MM_older,2,healthier,1,5.3
x,558,8.6,M,6,6_MM_older,2,healthier,1,0.1
x,560,8.83,F,6,6_MM_older,2,healthier,1,6.8
x,562,8.55,M,9,6_MM_older,2,healthier,1,3
x,564,8.34,F,5,6_MM_older,2,healthier,10,50.2
x,565,9.75,M,5,6_MM_older,2,healthier,11,53.6
x,566,8.3,M,7,6_MM_older,2,healthier,0,0
x,569,8.49,M,6,6_MM_older,2,healthier,5,47.4
x,573,9.21,M,8,6_MM_older,2,healthier,4,13.6
x,574,9.5,F,8,6_MM_older,2,healthier,9,44.1
x,579,8.56,M,8,6_MM_older,2,healthier,9,52.1
x,580,8.77,F,8,6_MM_older,2,healthier,1,4
x,583,8.57,M,7,6_MM_older,2,healthier,5,24.8
x,586,9.05,F,6,6_MM_older,2,healthier,7,49.7
x,588,9.41,F,9,6_MM_older,2,healthier,5,47.9
x,591,9.72,F,8,6_MM_older,2,healthier,1,0.2
x,593,8.34,M,6,6_MM_older,2,healthier,7,49.8
x,594,9.45,M,8,6_MM_older,2,healthier,15,48
x,595,8.38,F,8,6_MM_older,2,healthier,1,9.6
x,597,9.9,F,7,6_MM_older,2,healthier,6,39.1
x,601,8.59,M,5,6_MM_older,2,healthier,7,39.8
x,603,9.04,F,3,6_MM_older,2,healthier,8,40.9
x,606,9.85,M,9,6_MM_older,2,healthier,4,37.6
x,608,9.24,M,9,6_MM_older,2,healthier,3,11.8
x,612,8.39,F,8,6_MM_older,2,healthier,11,48.9
x,616,8.36,M,9,6_MM_older,2,healthier,5,22.7
x,622,9.53,F,6,6_MM_older,2,healthier,4,27.7
x,624,8.6,M,9,6_MM_older,2,healthier,3,1.8
x,625,8.05,F,5,6_MM_older,2,healthier,2,3.6
x,631,9.92,M,7,6_MM_older,2,healthier,1,0.5
x,632,9.88,F,,6_MM_older,2,healthier,3,7.3
x,633,9.57,F,8,6_MM_older,2,healthier,5,25.3
x,553,8.16,F,9,6_MM_older,2,less_healthy,2,10.8
x,556,9.5,F,,6_MM_older,2,less_healthy,1,4.4
x,558,8.6,M,6,6_MM_older,2,less_healthy,1,0.3
x,560,8.83,F,6,6_MM_older,2,less_healthy,1,6.5
x,562,8.55,M,9,6_MM_older,2,less_healthy,2,5
x,564,8.34,F,5,6_MM_older,2,less_healthy,2,18.7
x,565,9.75,M,5,6_MM_older,2,less_healthy,2,11.3
x,566,8.3,M,7,6_MM_older,2,less_healthy,0,0
x,569,8.49,M,6,6_MM_older,2,less_healthy,1,9.8
x,573,9.21,M,8,6_MM_older,2,less_healthy,1,4.8
x,574,9.5,F,8,6_MM_older,2,less_healthy,1,6.3
x,579,8.56,M,8,6_MM_older,2,less_healthy,12,52.5
x,580,8.77,F,8,6_MM_older,2,less_healthy,1,2.7
x,583,8.57,M,7,6_MM_older,2,less_healthy,1,8.6
x,586,9.05,F,6,6_MM_older,2,less_healthy,8,46.8
x,588,9.41,F,9,6_MM_older,2,less_healthy,7,46.7
x,591,9.72,F,8,6_MM_older,2,less_healthy,1,0.1
x,593,8.34,M,6,6_MM_older,2,less_healthy,1,11.6
x,594,9.45,M,8,6_MM_older,2,less_healthy,1,4.5
x,595,8.38,F,8,6_MM_older,2,less_healthy,1,8
x,597,9.9,F,7,6_MM_older,2,less_healthy,1,3.8
x,601,8.59,M,5,6_MM_older,2,less_healthy,5,38.4
x,603,9.04,F,3,6_MM_older,2,less_healthy,3,18.5
x,606,9.85,M,9,6_MM_older,2,less_healthy,2,20.7
x,608,9.24,M,9,6_MM_older,2,less_healthy,1,3.6
x,612,8.39,F,8,6_MM_older,2,less_healthy,1,0.9
x,616,8.36,M,9,6_MM_older,2,less_healthy,3,13.7
x,622,9.53,F,6,6_MM_older,2,less_healthy,3,18.5
x,624,8.6,M,9,6_MM_older,2,less_healthy,2,1.2
x,625,8.05,F,5,6_MM_older,2,less_healthy,1,1.3
x,631,9.92,M,7,6_MM_older,2,less_healthy,1,0.3
x,632,9.88,F,,6_MM_older,2,less_healthy,2,9.2
x,633,9.57,F,8,6_MM_older,2,less_healthy,4,31.8
x,262,6.01,M,,7_MM_short,2,healthier,1,37.5
x,263,5.8,M,,7_MM_short,2,healthier,1,10
x,264,5.73,F,,7_MM_short,2,healthier,5,27.6
x,575,6.56,F,9,7_MM_short,2,healthier,7,3.2
x,576,6.22,M,8,7_MM_short,2,healthier,2,11.4
x,577,6.78,M,8,7_MM_short,2,healthier,6,0.9
x,578,6.5,M,8,7_MM_short,2,healthier,1,20.5
x,585,5.33,M,9,7_MM_short,2,healthier,2,0
x,587,5.25,M,6,7_MM_short,2,healthier,1,34.8
x,590,6.97,F,6,7_MM_short,2,healthier,8,2.5
x,592,6.62,M,8,7_MM_short,2,healthier,0,0.9
x,596,5.31,F,8,7_MM_short,2,healthier,4,42
x,598,6.27,M,7,7_MM_short,2,healthier,1,50
x,600,5.27,M,9,7_MM_short,2,healthier,1,44.3
x,602,6.19,M,5,7_MM_short,2,healthier,6,0.1
x,604,6.5,F,3,7_MM_short,2,healthier,10,47.5
x,607,6.72,M,8,7_MM_short,2,healthier,9,0.1
x,609,5.8,F,9,7_MM_short,2,healthier,0,48.4
x,610,6.37,F,8,7_MM_short,2,healthier,7,0.2
x,611,6.61,M,8,7_MM_short,2,healthier,0,38.1
x,613,5.95,M,8,7_MM_short,2,healthier,13,18.9
x,614,6.67,M,9,7_MM_short,2,healthier,1,50.7
x,615,6.16,M,9,7_MM_short,2,healthier,12,2.3
x,617,6.47,F,9,7_MM_short,2,healthier,9,1.3
x,619,6.44,F,6,7_MM_short,2,healthier,17,41.4
x,620,6.09,F,9,7_MM_short,2,healthier,1,0.1
x,623,6.5,F,9,7_MM_short,2,healthier,2,4.3
x,626,5.36,F,,7_MM_short,2,healthier,7,3.3
x,627,5.62,F,,7_MM_short,2,healthier,0,51.7
x,628,6.74,F,7,7_MM_short,2,healthier,1,7.9
x,629,6.55,F,8,7_MM_short,2,healthier,1,0.3
x,630,5.64,F,8,7_MM_short,2,healthier,13,20.6
x,262,6.01,M,,7_MM_short,2,less_healthy,1,6.3
x,263,5.8,M,,7_MM_short,2,less_healthy,0,22.5
x,264,5.73,F,,7_MM_short,2,less_healthy,4,24.7
x,575,6.56,F,9,7_MM_short,2,less_healthy,1,3
x,576,6.22,M,8,7_MM_short,2,less_healthy,4,7.4
x,577,6.78,M,8,7_MM_short,2,less_healthy,6,1.3
x,578,6.5,M,8,7_MM_short,2,less_healthy,1,11.1
x,585,5.33,M,9,7_MM_short,2,less_healthy,2,1.6
x,587,5.25,M,6,7_MM_short,2,less_healthy,2,35.1
x,590,6.97,F,6,7_MM_short,2,less_healthy,4,3.7
x,592,6.62,M,8,7_MM_short,2,less_healthy,1,1.8
x,596,5.31,F,8,7_MM_short,2,less_healthy,5,43
x,598,6.27,M,7,7_MM_short,2,less_healthy,1,39.4
x,600,5.27,M,9,7_MM_short,2,less_healthy,1,4.6
x,602,6.19,M,5,7_MM_short,2,less_healthy,7,0.1
x,604,6.5,F,3,7_MM_short,2,less_healthy,5,47.7
x,607,6.72,M,8,7_MM_short,2,less_healthy,1,0.1
x,609,5.8,F,9,7_MM_short,2,less_healthy,0,11.8
x,610,6.37,F,8,7_MM_short,2,less_healthy,9,0.1
x,611,6.61,M,8,7_MM_short,2,less_healthy,0,21.2
x,613,5.95,M,8,7_MM_short,2,less_healthy,3,38.4
x,614,6.67,M,9,7_MM_short,2,less_healthy,1,4.3
x,615,6.16,M,9,7_MM_short,2,less_healthy,7,2.3
x,617,6.47,F,9,7_MM_short,2,less_healthy,11,0.4
x,619,6.44,F,6,7_MM_short,2,less_healthy,1,8.1
x,620,6.09,F,9,7_MM_short,2,less_healthy,1,0
x,623,6.5,F,9,7_MM_short,2,less_healthy,2,7.1
x,626,5.36,F,,7_MM_short,2,less_healthy,1,20.5
x,627,5.62,F,,7_MM_short,2,less_healthy,0,3.4
x,628,6.74,F,7,7_MM_short,2,less_healthy,2,6.5
x,629,6.55,F,8,7_MM_short,2,less_healthy,8,0.1
x,630,5.64,F,8,7_MM_short,2,less_healthy,1,18.9
x,262,6.01,M,,7_MM_short,1,healthier,1,15.3
x,263,5.8,M,,7_MM_short,1,healthier,1,17.7
x,264,5.73,F,,7_MM_short,1,healthier,4,11.1
x,575,6.56,F,9,7_MM_short,1,healthier,4,1.2
x,576,6.22,M,8,7_MM_short,1,healthier,3,11.4
x,577,6.78,M,8,7_MM_short,1,healthier,3,1.6
x,578,6.5,M,8,7_MM_short,1,healthier,1,5.5
x,585,5.33,M,9,7_MM_short,1,healthier,2,2.4
x,587,5.25,M,6,7_MM_short,1,healthier,1,46.3
x,590,6.97,F,6,7_MM_short,1,healthier,3,6
x,592,6.62,M,8,7_MM_short,1,healthier,1,2.9
x,596,5.31,F,8,7_MM_short,1,healthier,9,31.4
x,598,6.27,M,7,7_MM_short,1,healthier,2,49.2
x,600,5.27,M,9,7_MM_short,1,healthier,1,35.1
x,602,6.19,M,5,7_MM_short,1,healthier,5,0.1
x,604,6.5,F,3,7_MM_short,1,healthier,12,45.9
x,607,6.72,M,8,7_MM_short,1,healthier,5,0
x,609,5.8,F,9,7_MM_short,1,healthier,0,27
x,610,6.37,F,8,7_MM_short,1,healthier,11,0
x,611,6.61,M,8,7_MM_short,1,healthier,0,29.4
x,613,5.95,M,8,7_MM_short,1,healthier,7,20.4
x,614,6.67,M,9,7_MM_short,1,healthier,0,4.1
x,615,6.16,M,9,7_MM_short,1,healthier,11,1.4
x,617,6.47,F,9,7_MM_short,1,healthier,6,0.3
x,619,6.44,F,6,7_MM_short,1,healthier,1,0.1
x,620,6.09,F,9,7_MM_short,1,healthier,1,0.1
x,623,6.5,F,9,7_MM_short,1,healthier,2,5.2
x,626,5.36,F,,7_MM_short,1,healthier,0,6.2
x,627,5.62,F,,7_MM_short,1,healthier,0,17.5
x,628,6.74,F,7,7_MM_short,1,healthier,2,2.9
x,629,6.55,F,8,7_MM_short,1,healthier,1,1.3
x,630,5.64,F,8,7_MM_short,1,healthier,11,15.9
x,222,5.65,F,1,s1_MM_school,1,less_healthy,1,2
x,223,5.572222222,F,5,s1_MM_school,1,less_healthy,0,0.2
x,224,6.086111111,M,6,s1_MM_school,1,less_healthy,1,1.1
x,225,5.461111111,F,3,s1_MM_school,1,less_healthy,0,0.2
x,226,6.408333333,M,1,s1_MM_school,1,less_healthy,0,0.4
x,227,6.894444444,M,5,s1_MM_school,1,less_healthy,0,0.1
x,228,6.911111111,M,2,s1_MM_school,1,less_healthy,0,0
x,229,6.930555556,M,6,s1_MM_school,1,less_healthy,0,0.2
x,230,7.286111111,F,2,s1_MM_school,1,less_healthy,1,0.3
x,231,7.116666667,F,5,s1_MM_school,1,less_healthy,,16.9
x,232,7.05,M,3,s1_MM_school,1,less_healthy,0,0.1
x,233,5.944444444,M,1,s1_MM_school,1,less_healthy,,0.3
x,234,5.583333333,F,2,s1_MM_school,1,less_healthy,0,0.2
x,235,6.027777778,F,5,s1_MM_school,1,less_healthy,1,0.1
x,236,5.75,M,1,s1_MM_school,1,less_healthy,5,1.4
x,237,5.761111111,F,5,s1_MM_school,1,less_healthy,1,1.3
x,249,6.616666667,M,,s1_MM_school,1,less_healthy,2,12.4
x,250,6.491666667,M,2,s1_MM_school,1,less_healthy,0,0.2
x,251,6.719444444,F,7,s1_MM_school,1,less_healthy,0,0.1
x,252,6.813888889,F,3,s1_MM_school,1,less_healthy,1,1.5
x,253,6.844444444,F,4,s1_MM_school,1,less_healthy,1,3.8
x,254,6.952777778,F,3,s1_MM_school,1,less_healthy,0,0
x,255,7.205555556,F,5,s1_MM_school,1,less_healthy,1,4.5
x,256,7.458333333,F,6,s1_MM_school,1,less_healthy,0,-0.1
x,257,7.680555556,F,1,s1_MM_school,1,less_healthy,1,0.3
x,258,7.297222222,M,5,s1_MM_school,1,less_healthy,,0.1
x,259,7.230555556,M,8,s1_MM_school,1,less_healthy,0,0.1
x,260,4.919444444,M,4,s1_MM_school,1,less_healthy,0,0
x,261,5.15,F,6,s1_MM_school,1,less_healthy,,0
x,222,5.65,F,1,s1_MM_school,2,healthier,15,23.6
x,223,5.572222222,F,5,s1_MM_school,2,healthier,1,4.3
x,224,6.086111111,M,6,s1_MM_school,2,healthier,4,4.3
x,225,5.461111111,F,3,s1_MM_school,2,healthier,0,0
x,226,6.408333333,M,1,s1_MM_school,2,healthier,0,0.3
x,227,6.894444444,M,5,s1_MM_school,2,healthier,0,0.1
x,228,6.911111111,M,2,s1_MM_school,2,healthier,0,0.2
x,229,6.930555556,M,6,s1_MM_school,2,healthier,0,0.4
x,230,7.286111111,F,2,s1_MM_school,2,healthier,2,3
x,231,7.116666667,F,5,s1_MM_school,2,healthier,,9.1
x,232,7.05,M,3,s1_MM_school,2,healthier,1,4.7
x,233,5.944444444,M,1,s1_MM_school,2,healthier,,0
x,234,5.583333333,F,2,s1_MM_school,2,healthier,0,0.1
x,235,6.027777778,F,5,s1_MM_school,2,healthier,1,0
x,236,5.75,M,1,s1_MM_school,2,healthier,9,7.7
x,237,5.761111111,F,5,s1_MM_school,2,healthier,7,13
x,249,6.616666667,M,,s1_MM_school,2,healthier,4,18.7
x,250,6.491666667,M,2,s1_MM_school,2,healthier,9,12.1
x,251,6.719444444,F,7,s1_MM_school,2,healthier,2,2
x,252,6.813888889,F,3,s1_MM_school,2,healthier,1,1.1
x,253,6.844444444,F,4,s1_MM_school,2,healthier,1,1.9
x,254,6.952777778,F,3,s1_MM_school,2,healthier,5,24.1
x,255,7.205555556,F,5,s1_MM_school,2,healthier,3,11.5
x,256,7.458333333,F,6,s1_MM_school,2,healthier,0,0.1
x,257,7.680555556,F,1,s1_MM_school,2,healthier,1,0.1
x,258,7.297222222,M,5,s1_MM_school,2,healthier,,3.3
x,259,7.230555556,M,8,s1_MM_school,2,healthier,6,10.1
x,260,4.919444444,M,4,s1_MM_school,2,healthier,0,0.1
x,261,5.15,F,6,s1_MM_school,2,healthier,,0.1
x,222,5.65,F,1,s1_MM_school,2,less_healthy,1,1.3
x,223,5.572222222,F,5,s1_MM_school,2,less_healthy,1,6.2
x,224,6.086111111,M,6,s1_MM_school,2,less_healthy,0,0.2
x,225,5.461111111,F,3,s1_MM_school,2,less_healthy,2,1.5
x,226,6.408333333,M,1,s1_MM_school,2,less_healthy,0,0.4
x,227,6.894444444,M,5,s1_MM_school,2,less_healthy,0,0.1
x,228,6.911111111,M,2,s1_MM_school,2,less_healthy,0,0.2
x,229,6.930555556,M,6,s1_MM_school,2,less_healthy,0,0.2
x,230,7.286111111,F,2,s1_MM_school,2,less_healthy,2,9.1
x,231,7.116666667,F,5,s1_MM_school,2,less_healthy,,9.3
x,232,7.05,M,3,s1_MM_school,2,less_healthy,0,0
x,233,5.944444444,M,1,s1_MM_school,2,less_healthy,,0
x,234,5.583333333,F,2,s1_MM_school,2,less_healthy,0,0.1
x,235,6.027777778,F,5,s1_MM_school,2,less_healthy,1,0
x,236,5.75,M,1,s1_MM_school,2,less_healthy,2,3.1
x,237,5.761111111,F,5,s1_MM_school,2,less_healthy,1,7.9
x,249,6.616666667,M,,s1_MM_school,2,less_healthy,4,23.9
x,250,6.491666667,M,2,s1_MM_school,2,less_healthy,0,0.1
x,251,6.719444444,F,7,s1_MM_school,2,less_healthy,0,0
x,252,6.813888889,F,3,s1_MM_school,2,less_healthy,1,0.6
x,253,6.844444444,F,4,s1_MM_school,2,less_healthy,6,15.6
x,254,6.952777778,F,3,s1_MM_school,2,less_healthy,0,0.1
x,255,7.205555556,F,5,s1_MM_school,2,less_healthy,1,4.1
x,256,7.458333333,F,6,s1_MM_school,2,less_healthy,0,0
x,257,7.680555556,F,1,s1_MM_school,2,less_healthy,1,0.2
x,258,7.297222222,M,5,s1_MM_school,2,less_healthy,,0.1
x,259,7.230555556,M,8,s1_MM_school,2,less_healthy,2,3.4
x,260,4.919444444,M,4,s1_MM_school,2,less_healthy,0,0.1
x,261,5.15,F,6,s1_MM_school,2,less_healthy,,0.1
x,222,5.65,F,1,s1_MM_school,1,healthier,11,17.1
x,223,5.572222222,F,5,s1_MM_school,1,healthier,0,0.2
x,224,6.086111111,M,6,s1_MM_school,1,healthier,5,9.2
x,225,5.461111111,F,3,s1_MM_school,1,healthier,1,1.5
x,226,6.408333333,M,1,s1_MM_school,1,healthier,0,0.4
x,227,6.894444444,M,5,s1_MM_school,1,healthier,1,3.3
x,228,6.911111111,M,2,s1_MM_school,1,healthier,0,0.2
x,229,6.930555556,M,6,s1_MM_school,1,healthier,0,0.2
x,230,7.286111111,F,2,s1_MM_school,1,healthier,1,0.7
x,231,7.116666667,F,5,s1_MM_school,1,healthier,,17.5
x,232,7.05,M,3,s1_MM_school,1,healthier,1,1.2
x,233,5.944444444,M,1,s1_MM_school,1,healthier,,0.1
x,234,5.583333333,F,2,s1_MM_school,1,healthier,0,0.2
x,235,6.027777778,F,5,s1_MM_school,1,healthier,1,0.4
x,236,5.75,M,1,s1_MM_school,1,healthier,3,1.2
x,237,5.761111111,F,5,s1_MM_school,1,healthier,4,5.5
x,249,6.616666667,M,,s1_MM_school,1,healthier,2,5.7
x,250,6.491666667,M,2,s1_MM_school,1,healthier,9,23.7
x,251,6.719444444,F,7,s1_MM_school,1,healthier,0,0
x,252,6.813888889,F,3,s1_MM_school,1,healthier,1,0.6
x,253,6.844444444,F,4,s1_MM_school,1,healthier,3,8
x,254,6.952777778,F,3,s1_MM_school,1,healthier,6,21.2
x,255,7.205555556,F,5,s1_MM_school,1,healthier,3,8.3
x,256,7.458333333,F,6,s1_MM_school,1,healthier,0,0
x,257,7.680555556,F,1,s1_MM_school,1,healthier,1,0.2
x,258,7.297222222,M,5,s1_MM_school,1,healthier,,3.3
x,259,7.230555556,M,8,s1_MM_school,1,healthier,1,3.2
x,260,4.919444444,M,4,s1_MM_school,1,healthier,0,0
x,261,5.15,F,6,s1_MM_school,1,healthier,,0
x,270,6.09,M,1,s2_kid_actor,1,less_healthy,4,42
x,271,5.95,F,4,s2_kid_actor,1,less_healthy,1,9.3
x,272,5.3,M,5,s2_kid_actor,1,less_healthy,4,16.7
x,273,5.3,F,5,s2_kid_actor,1,less_healthy,5,16.4
x,274,5.41,F,6,s2_kid_actor,1,less_healthy,1,1.9
x,276,5.39,M,1,s2_kid_actor,1,less_healthy,0,3.7
x,277,6.87,F,6,s2_kid_actor,1,less_healthy,1,0.8
x,280,5.94,M,6,s2_kid_actor,1,less_healthy,0,0
x,281,6.23,F,2,s2_kid_actor,1,less_healthy,3,5.1
x,282,5.69,M,9,s2_kid_actor,1,less_healthy,2,5.5
x,283,6.46,F,8,s2_kid_actor,1,less_healthy,1,0.5
x,284,6.46,M,8,s2_kid_actor,1,less_healthy,9,27.1
x,285,6.42,M,7,s2_kid_actor,1,less_healthy,0,0
x,286,5.7,M,3,s2_kid_actor,1,less_healthy,1,9.4
x,287,5.57,M,8,s2_kid_actor,1,less_healthy,0,0.2
x,288,5.17,M,8,s2_kid_actor,1,less_healthy,2,6.6
x,289,6.47,F,8,s2_kid_actor,1,less_healthy,1,0.3
x,290,6.94,M,,s2_kid_actor,1,less_healthy,1,1.4
x,291,5.33,F,6,s2_kid_actor,1,less_healthy,2,12.7
x,292,5.91,F,9,s2_kid_actor,1,less_healthy,1,0.2
x,293,6.21,F,7,s2_kid_actor,1,less_healthy,1,1
x,294,6.56,M,9,s2_kid_actor,1,less_healthy,9,35.9
x,344,6.95,M,9,s2_kid_actor,1,less_healthy,0,0
x,348,5.86,F,5,s2_kid_actor,1,less_healthy,2,0.9
x,352,5.31,F,8,s2_kid_actor,1,less_healthy,0,0
x,354,5.18,F,7,s2_kid_actor,1,less_healthy,4,1.5
x,355,5.18,F,7,s2_kid_actor,1,less_healthy,3,7.4
x,357,6.86,F,8,s2_kid_actor,1,less_healthy,0,0
x,358,6.74,M,8,s2_kid_actor,1,less_healthy,1,5.2
x,361,6.94,M,8,s2_kid_actor,1,less_healthy,0,0.1
x,362,7.26,F,6,s2_kid_actor,1,less_healthy,2,2
x,363,6.56,M,7,s2_kid_actor,1,less_healthy,0,0
x,270,6.09,M,1,s2_kid_actor,2,healthier,12,49.6
x,271,5.95,F,4,s2_kid_actor,2,healthier,4,20.9
x,272,5.3,M,5,s2_kid_actor,2,healthier,4,32.8
x,273,5.3,F,5,s2_kid_actor,2,healthier,7,26.9
x,274,5.41,F,6,s2_kid_actor,2,healthier,1,7.1
x,276,5.39,M,1,s2_kid_actor,2,healthier,4,4
x,277,6.87,F,6,s2_kid_actor,2,healthier,6,8.9
x,280,5.94,M,6,s2_kid_actor,2,healthier,0,0
x,281,6.23,F,2,s2_kid_actor,2,healthier,5,8.8
x,282,5.69,M,9,s2_kid_actor,2,healthier,3,16.9
x,283,6.46,F,8,s2_kid_actor,2,healthier,2,7.1
x,284,6.46,M,8,s2_kid_actor,2,healthier,9,48.6
x,285,6.42,M,7,s2_kid_actor,2,healthier,0,0
x,286,5.7,M,3,s2_kid_actor,2,healthier,3,31.7
x,287,5.57,M,8,s2_kid_actor,2,healthier,0,0.1
x,288,5.17,M,8,s2_kid_actor,2,healthier,6,42.1
x,289,6.47,F,8,s2_kid_actor,2,healthier,2,0.4
x,290,6.94,M,,s2_kid_actor,2,healthier,6,45.2
x,291,5.33,F,6,s2_kid_actor,2,healthier,10,49.8
x,292,5.91,F,9,s2_kid_actor,2,healthier,3,3.4
x,293,6.21,F,7,s2_kid_actor,2,healthier,5,13.6
x,294,6.56,M,9,s2_kid_actor,2,healthier,7,31.2
x,344,6.95,M,9,s2_kid_actor,2,healthier,0,0
x,348,5.86,F,5,s2_kid_actor,2,healthier,1,1.1
x,352,5.31,F,8,s2_kid_actor,2,healthier,0,0
x,354,5.18,F,7,s2_kid_actor,2,healthier,2,10.9
x,355,5.18,F,7,s2_kid_actor,2,healthier,12,47.1
x,357,6.86,F,8,s2_kid_actor,2,healthier,0,0
x,358,6.74,M,8,s2_kid_actor,2,healthier,4,20
x,361,6.94,M,8,s2_kid_actor,2,healthier,0,0.3
x,362,7.26,F,6,s2_kid_actor,2,healthier,2,10
x,363,6.56,M,7,s2_kid_actor,2,healthier,3,5.1
x,270,6.09,M,1,s2_kid_actor,2,less_healthy,1,6.1
x,271,5.95,F,4,s2_kid_actor,2,less_healthy,2,13
x,272,5.3,M,5,s2_kid_actor,2,less_healthy,3,19.4
x,273,5.3,F,5,s2_kid_actor,2,less_healthy,5,24.5
x,274,5.41,F,6,s2_kid_actor,2,less_healthy,1,5.1
x,276,5.39,M,1,s2_kid_actor,2,less_healthy,1,3.3
x,277,6.87,F,6,s2_kid_actor,2,less_healthy,1,1.2
x,280,5.94,M,6,s2_kid_actor,2,less_healthy,0,0
x,281,6.23,F,2,s2_kid_actor,2,less_healthy,5,7.9
x,282,5.69,M,9,s2_kid_actor,2,less_healthy,3,16.5
x,283,6.46,F,8,s2_kid_actor,2,less_healthy,2,6
x,284,6.46,M,8,s2_kid_actor,2,less_healthy,9,46.7
x,285,6.42,M,7,s2_kid_actor,2,less_healthy,0,0
x,286,5.7,M,3,s2_kid_actor,2,less_healthy,5,47.7
x,287,5.57,M,8,s2_kid_actor,2,less_healthy,0,0.2
x,288,5.17,M,8,s2_kid_actor,2,less_healthy,3,18.6
x,289,6.47,F,8,s2_kid_actor,2,less_healthy,2,0.6
x,290,6.94,M,,s2_kid_actor,2,less_healthy,2,18.9
x,291,5.33,F,6,s2_kid_actor,2,less_healthy,1,20.5
x,292,5.91,F,9,s2_kid_actor,2,less_healthy,2,2.6
x,293,6.21,F,7,s2_kid_actor,2,less_healthy,1,0.8
x,294,6.56,M,9,s2_kid_actor,2,less_healthy,12,32.1
x,344,6.95,M,9,s2_kid_actor,2,less_healthy,0,0
x,348,5.86,F,5,s2_kid_actor,2,less_healthy,1,1.8
x,352,5.31,F,8,s2_kid_actor,2,less_healthy,0,0
x,354,5.18,F,7,s2_kid_actor,2,less_healthy,4,9.6
x,355,5.18,F,7,s2_kid_actor,2,less_healthy,2,9.6
x,357,6.86,F,8,s2_kid_actor,2,less_healthy,0,0
x,358,6.74,M,8,s2_kid_actor,2,less_healthy,5,22.3
x,361,6.94,M,8,s2_kid_actor,2,less_healthy,0,0.2
x,362,7.26,F,6,s2_kid_actor,2,less_healthy,2,12.1
x,363,6.56,M,7,s2_kid_actor,2,less_healthy,3,7.5
x,270,6.09,M,1,s2_kid_actor,1,healthier,11,36.9
x,271,5.95,F,4,s2_kid_actor,1,healthier,2,9.9
x,272,5.3,M,5,s2_kid_actor,1,healthier,4,21.2
x,273,5.3,F,5,s2_kid_actor,1,healthier,3,4.3
x,274,5.41,F,6,s2_kid_actor,1,healthier,1,2.6
x,276,5.39,M,1,s2_kid_actor,1,healthier,5,18
x,277,6.87,F,6,s2_kid_actor,1,healthier,3,5.2
x,280,5.94,M,6,s2_kid_actor,1,healthier,0,0
x,281,6.23,F,2,s2_kid_actor,1,healthier,0,2.3
x,282,5.69,M,9,s2_kid_actor,1,healthier,2,7
x,283,6.46,F,8,s2_kid_actor,1,healthier,2,0.7
x,284,6.46,M,8,s2_kid_actor,1,healthier,6,25
x,285,6.42,M,7,s2_kid_actor,1,healthier,0,0
x,286,5.7,M,3,s2_kid_actor,1,healthier,3,20.5
x,287,5.57,M,8,s2_kid_actor,1,healthier,0,0.2
x,288,5.17,M,8,s2_kid_actor,1,healthier,1,3.4
x,289,6.47,F,8,s2_kid_actor,1,healthier,2,0.4
x,290,6.94,M,,s2_kid_actor,1,healthier,2,9.7
x,291,5.33,F,6,s2_kid_actor,1,healthier,7,30.3
x,292,5.91,F,9,s2_kid_actor,1,healthier,1,0.1
x,293,6.21,F,7,s2_kid_actor,1,healthier,2,1.4
x,294,6.56,M,9,s2_kid_actor,1,healthier,1,3.6
x,344,6.95,M,9,s2_kid_actor,1,healthier,0,0
x,348,5.86,F,5,s2_kid_actor,1,healthier,1,0.9
x,352,5.31,F,8,s2_kid_actor,1,healthier,0,0
x,354,5.18,F,7,s2_kid_actor,1,healthier,2,3.1
x,355,5.18,F,7,s2_kid_actor,1,healthier,2,4.2
x,357,6.86,F,8,s2_kid_actor,1,healthier,0,0
x,358,6.74,M,8,s2_kid_actor,1,healthier,4,11.2
x,361,6.94,M,8,s2_kid_actor,1,healthier,0,0.2
x,362,7.26,F,6,s2_kid_actor,1,healthier,2,2.7
x,363,6.56,M,7,s2_kid_actor,1,healthier,0,0.2
